Service Song,Formatting,Order,Service,Song,Service Tags,Notes,Attachments
, - ,,2025-01-05 AM @ Durham (Lead: Matt Brown),,,,
We Will Feast in the House of Zion (McCracken), - ,Closer,2024-06-23 AM @ Durham (Lead: Matt Brown),We Will Feast in the House of Zion (McCracken),,,
Better is One Day, - ,Offering,2024-06-23 AM @ Durham (Lead: Matt Brown),Better is One Day,,,
Lord I Need You (Matt Maher), - ,Opener,2024-06-23 AM @ Durham (Lead: Matt Brown),Lord I Need You (Matt Maher),,,
Thy Mercy My God, - ,Opener,2024-06-23 AM @ Durham (Lead: Matt Brown),Thy Mercy My God,,,
Come Thou Fount, - ,Opener,2024-06-23 AM @ Durham (Lead: Matt Brown),Come Thou Fount,,,
How Deep the Father's Love for Us, - ,Closer,2024-06-16 AM @ Durham (Lead: Matt Brown),How Deep the Father's Love for Us,,,
Jesus Lover of My Soul, - ,Offering,2024-06-16 AM @ Durham (Lead: Matt Brown),Jesus Lover of My Soul,,,
Whate'er My God Ordains Is Right (RUF), - ,Opener,2024-06-16 AM @ Durham (Lead: Matt Brown),Whate'er My God Ordains Is Right (RUF),,,
40 (I Will Sing), - ,Opener,2024-06-16 AM @ Durham (Lead: Matt Brown),40 (I Will Sing),,,
Blessed Be Your Name, - ,Opener,2024-06-16 AM @ Durham (Lead: Matt Brown),Blessed Be Your Name,,,
On Jordan's Stormy Banks, - ,Closer,2024-06-09 AM @ Durham (Lead: Matt Brown),On Jordan's Stormy Banks,,,
Doxology, - ,Offering,2024-06-09 AM @ Durham (Lead: Matt Brown),Doxology,,,
Great is Thy Faithfulness (trad), - ,Offering,2024-06-09 AM @ Durham (Lead: Matt Brown),Great is Thy Faithfulness (trad),,,
For All the Saints, - ,Opener,2024-06-09 AM @ Durham (Lead: Matt Brown),For All the Saints,,,
O Church Arise - INCLUDE CHORUS, - ,Opener,2024-06-09 AM @ Durham (Lead: Matt Brown),O Church Arise - INCLUDE CHORUS,,,
Praise to the Lord the Almighty (trad), - ,Opener,2024-06-09 AM @ Durham (Lead: Matt Brown),Praise to the Lord the Almighty (trad),,,
God Be Merciful to Me, - ,Prelude,2024-06-02 AM @ Durham (Lead: Matt Brown),God Be Merciful to Me,,,
Revelation Song, - ,Opener,2024-06-02 AM @ Durham (Lead: Matt Brown),Revelation Song,,,
I Sought the Lord (Thou Lovest Me), - ,Offering,2024-06-02 AM @ Durham (Lead: Matt Brown),I Sought the Lord (Thou Lovest Me),,,
Gloria Patri (Ellis), - ,Offering,2024-06-02 AM @ Durham (Lead: Matt Brown),Gloria Patri (Ellis),,,
Come All Ye Pining Hungry Poor, - ,Communion,2024-06-02 AM @ Durham (Lead: Matt Brown),Come All Ye Pining Hungry Poor,,,
Lord Have Mercy, - ,Communion,2024-06-02 AM @ Durham (Lead: Matt Brown),Lord Have Mercy,,,
Create in Me a Clean Heart, - ,Communion,2024-06-02 AM @ Durham (Lead: Matt Brown),Create in Me a Clean Heart,,,
Near the Cross, - ,Communion,2024-06-02 AM @ Durham (Lead: Matt Brown),Near the Cross,,,
The Power of the Cross (Oh to See the Dawn), - ,Communion,2024-06-02 AM @ Durham (Lead: Matt Brown),The Power of the Cross (Oh to See the Dawn),,,
O the Deep Deep Love of Jesus, - ,Closer,2024-06-02 AM @ Durham (Lead: Matt Brown),O the Deep Deep Love of Jesus,,,
For the Beauty of the Earth, - ,Prelude,2024-05-26 AM @ Durham (Lead: Matt Brown),For the Beauty of the Earth,,,
Sing Oh Sky, - ,Opener,2024-05-26 AM @ Durham (Lead: Matt Brown),Sing Oh Sky,,,
Children of the Living God (Fernando Ortega), - ,Opener,2024-05-26 AM @ Durham (Lead: Matt Brown),Children of the Living God (Fernando Ortega),,,
Speak O Lord, - ,Offering,2024-05-26 AM @ Durham (Lead: Matt Brown),Speak O Lord,,,
Doxology, - ,Offering,2024-05-26 AM @ Durham (Lead: Matt Brown),Doxology,,,
O Love That Will Not Let Me Go , - ,Closer,2024-05-26 AM @ Durham (Lead: Matt Brown),O Love That Will Not Let Me Go ,,,
His Mercy is More, - ,Prelude,2024-05-19 AM @ Durham (Lead: Matt Brown),His Mercy is More,,,
Be Thou My Vision, - ,Opener,2024-05-19 AM @ Durham (Lead: Matt Brown),Be Thou My Vision,,,
How Firm a Foundation, - ,Opener,2024-05-19 AM @ Durham (Lead: Matt Brown),How Firm a Foundation,,,
Isaiah 43, - ,Offering,2024-05-19 AM @ Durham (Lead: Matt Brown),Isaiah 43,,,
Gloria Patri (Ellis), - ,Offering,2024-05-19 AM @ Durham (Lead: Matt Brown),Gloria Patri (Ellis),,,
My Hope is Built on Nothing Less, - ,Closer,2024-05-19 AM @ Durham (Lead: Matt Brown),My Hope is Built on Nothing Less,,,
Everlasting God, - ,Prelude,2024-05-12 AM @ Durham (Lead: Matt Brown),Everlasting God,,,
What Wondrous Love is This, - ,Opener,2024-05-12 AM @ Durham (Lead: Matt Brown),What Wondrous Love is This,,,
Holy Holy Holy, - ,Opener,2024-05-12 AM @ Durham (Lead: Matt Brown),Holy Holy Holy,,,
Jesus Lover of My Soul, - ,Offering,2024-05-12 AM @ Durham (Lead: Matt Brown),Jesus Lover of My Soul,,,
Doxology, - ,Offering,2024-05-12 AM @ Durham (Lead: Matt Brown),Doxology,,,
Abide With Me (RUF), - ,Closer,2024-05-12 AM @ Durham (Lead: Matt Brown),Abide With Me (RUF),,,
10000 Reasons (Bless the Lord), - ,Prelude,2024-05-05 AM @ Durham (Lead: Matt Brown),10000 Reasons (Bless the Lord),,,
Let Us Love and Sing and Wonder, - ,Opener,2024-05-05 AM @ Durham (Lead: Matt Brown),Let Us Love and Sing and Wonder,,,
Jesus Cast a Look on Me, - ,Offering,2024-05-05 AM @ Durham (Lead: Matt Brown),Jesus Cast a Look on Me,,,
Gloria Patri (Ellis), - ,Offering,2024-05-05 AM @ Durham (Lead: Matt Brown),Gloria Patri (Ellis),,,
Jesus I Come, - ,Communion,2024-05-05 AM @ Durham (Lead: Matt Brown),Jesus I Come,,,
Ah Holy Jesus, - ,Communion,2024-05-05 AM @ Durham (Lead: Matt Brown),Ah Holy Jesus,,,
Wonderful Merciful Savior, - ,Communion,2024-05-05 AM @ Durham (Lead: Matt Brown),Wonderful Merciful Savior,,,
I Heard the Voice of Jesus Say (trad), - ,Communion,2024-05-05 AM @ Durham (Lead: Matt Brown),I Heard the Voice of Jesus Say (trad),,,
Hallelujah! What a Savior, - ,Communion,2024-05-05 AM @ Durham (Lead: Matt Brown),Hallelujah! What a Savior,,,
Psalm 130 / From Depths of Woe (RUF), - ,Closer,2024-05-05 AM @ Durham (Lead: Matt Brown),Psalm 130 / From Depths of Woe (RUF),,,
Come People of the Risen King, - ,Prelude,2024-04-28 AM @ Durham (Lead: Matt Brown),Come People of the Risen King,,,
The Sands of Time Are Sinking (RUF), - ,Opener,2024-04-28 AM @ Durham (Lead: Matt Brown),The Sands of Time Are Sinking (RUF),,,
Jesus All for Jesus, - ,Opener,2024-04-28 AM @ Durham (Lead: Matt Brown),Jesus All for Jesus,,,
May the Mind of Christ My Savior, - ,Offering,2024-04-28 AM @ Durham (Lead: Matt Brown),May the Mind of Christ My Savior,,,
Doxology, - ,Offering,2024-04-28 AM @ Durham (Lead: Matt Brown),Doxology,,,
Micah 6:8, - ,Closer,2024-04-28 AM @ Durham (Lead: Matt Brown),Micah 6:8,,,
This is My Father's World, - ,Prelude,2024-04-21 AM @ Durham (Lead: Matt Brown),This is My Father's World,,,
All Things Bright and Beautiful (Rain for Roots), - ,Opener,2024-04-21 AM @ Durham (Lead: Matt Brown),All Things Bright and Beautiful (Rain for Roots),,,
And Can It Be, - ,Opener,2024-04-21 AM @ Durham (Lead: Matt Brown),And Can It Be,,,
Fairest Lord Jesus, - ,Offering,2024-04-21 AM @ Durham (Lead: Matt Brown),Fairest Lord Jesus,,,
Gloria Patri (Ellis), - ,Offering,2024-04-21 AM @ Durham (Lead: Matt Brown),Gloria Patri (Ellis),,,
I Know That My Redeemer Lives - Glory Hallelujah!, - ,Closer,2024-04-21 AM @ Durham (Lead: Matt Brown),I Know That My Redeemer Lives - Glory Hallelujah!,,,
Revelation Song, - ,Prelude,2024-04-14 AM @ Durham (Lead: Matt Brown),Revelation Song,,,
All Creatures of Our God and King, - ,Opener,2024-04-14 AM @ Durham (Lead: Matt Brown),All Creatures of Our God and King,,,
They Will Know We Are Christians By Our Love, - ,Opener,2024-04-14 AM @ Durham (Lead: Matt Brown),They Will Know We Are Christians By Our Love,,,
Guide Me O Thou Great Jehovah (RUF), - ,Offering,2024-04-14 AM @ Durham (Lead: Matt Brown),Guide Me O Thou Great Jehovah (RUF),,,
Doxology, - ,Offering,2024-04-14 AM @ Durham (Lead: Matt Brown),Doxology,,,
Jesus I My Cross Have Taken, - ,Closer,2024-04-14 AM @ Durham (Lead: Matt Brown),Jesus I My Cross Have Taken,,,
Come Thou Fount, - ,Prelude,2024-04-07 AM @ Durham (Lead: Jenn Daniels Neal),Come Thou Fount,,,
40 (I Will Sing), - ,Opener,2024-04-07 AM @ Durham (Lead: Jenn Daniels Neal),40 (I Will Sing),,,
Thy Mercy My God, - ,Offering,2024-04-07 AM @ Durham (Lead: Jenn Daniels Neal),Thy Mercy My God,,,
Take and Eat, - ,Communion,2024-04-07 AM @ Durham (Lead: Jenn Daniels Neal),Take and Eat,,,
Our Great God (Ortega), - ,Communion,2024-04-07 AM @ Durham (Lead: Jenn Daniels Neal),Our Great God (Ortega),,,
Rock of Ages (Ward), - ,Communion,2024-04-07 AM @ Durham (Lead: Jenn Daniels Neal),Rock of Ages (Ward),,,
Before the Throne of God Above, - ,Communion,2024-04-07 AM @ Durham (Lead: Jenn Daniels Neal),Before the Throne of God Above,,,
, - ,Communion,2024-04-07 AM @ Durham (Lead: Jenn Daniels Neal),,,,
Yet Not I But Christ in Me, - ,Closer,2024-04-07 AM @ Durham (Lead: Jenn Daniels Neal),Yet Not I But Christ in Me,,,
Christ the Lord is Risen Today, - ,Prelude,2024-03-31 Easter @ Durham (Lead: Matt Brown),Christ the Lord is Risen Today,,,
Were You There, - ,Opener,2024-03-31 Easter @ Durham (Lead: Matt Brown),Were You There,,,
In Christ Alone, - ,Opener,2024-03-31 Easter @ Durham (Lead: Matt Brown),In Christ Alone,,,
Is He Worthy (Andrew Peterson), - ,Opener,2024-03-31 Easter @ Durham (Lead: Matt Brown),Is He Worthy (Andrew Peterson),,,
Jesus Paid it All (O Praise the One), - ,Offering,2024-03-31 Easter @ Durham (Lead: Matt Brown),Jesus Paid it All (O Praise the One),,,
Doxology, - ,Offering,2024-03-31 Easter @ Durham (Lead: Matt Brown),Doxology,,,
Christ is Risen (Matt Maher), - ,Closer,2024-03-31 Easter @ Durham (Lead: Matt Brown),Christ is Risen (Matt Maher),,,
All Hail the Power of Jesus' Name, - ,Prelude,2024-03-24 AM @ Durham (Lead: Matt Brown),All Hail the Power of Jesus' Name,,,
Hosanna, - ,Opener,2024-03-24 AM @ Durham (Lead: Matt Brown),Hosanna,,,
Prince of Peace, - ,Opener,2024-03-24 AM @ Durham (Lead: Matt Brown),Prince of Peace,,,
Hail to the Lord's Anointed (Welcome Wagon), - ,Offering,2024-03-24 AM @ Durham (Lead: Matt Brown),Hail to the Lord's Anointed (Welcome Wagon),,,
Gloria Patri (Ellis), - ,Offering,2024-03-24 AM @ Durham (Lead: Matt Brown),Gloria Patri (Ellis),,,
Sing Oh Sky, - ,Closer,2024-03-24 AM @ Durham (Lead: Matt Brown),Sing Oh Sky,,,
Agnus Dei, - ,Prelude,2024-03-17 AM @ Durham (Lead: Matt Brown),Agnus Dei,,,
Come Ye Sinners (E major - not Ortega's), - ,Opener,2024-03-17 AM @ Durham (Lead: Matt Brown),Come Ye Sinners (E major - not Ortega's),,,
Better is One Day, - ,Opener,2024-03-17 AM @ Durham (Lead: Matt Brown),Better is One Day,,,
Jesus I Am Resting Resting, - ,Offering,2024-03-17 AM @ Durham (Lead: Matt Brown),Jesus I Am Resting Resting,,,
Doxology, - ,Offering,2024-03-17 AM @ Durham (Lead: Matt Brown),Doxology,,,
On Jordan's Stormy Banks, - ,Closer,2024-03-17 AM @ Durham (Lead: Matt Brown),On Jordan's Stormy Banks,,,
Praise to the Lord the Almighty (trad), - ,Prelude,2024-03-10 AM @ Durham (Lead: Matt Brown),Praise to the Lord the Almighty (trad),,,
Immortal Invisible (traditional), - ,Opener,2024-03-10 AM @ Durham (Lead: Matt Brown),Immortal Invisible (traditional),,,
Speak O Lord, - ,Opener,2024-03-10 AM @ Durham (Lead: Matt Brown),Speak O Lord,,,
Lord I Need You (Matt Maher), - ,Offering,2024-03-10 AM @ Durham (Lead: Matt Brown),Lord I Need You (Matt Maher),,,
Gloria Patri (Ellis), - ,Offering,2024-03-10 AM @ Durham (Lead: Matt Brown),Gloria Patri (Ellis),,,
Before the Throne of God Above, - ,Closer,2024-03-10 AM @ Durham (Lead: Matt Brown),Before the Throne of God Above,,,
O for a Thousand Tongues to Sing (trad), - ,Prelude,2024-03-03 AM @ Durham (Lead: Matt Brown),O for a Thousand Tongues to Sing (trad),,,
Everlasting God, - ,Opener,2024-03-03 AM @ Durham (Lead: Matt Brown),Everlasting God,,,
My Shepherd Will Supply My Need (trad), - ,Offering,2024-03-03 AM @ Durham (Lead: Matt Brown),My Shepherd Will Supply My Need (trad),,,
Doxology, - ,Offering,2024-03-03 AM @ Durham (Lead: Matt Brown),Doxology,,,
Not What My Hands Have Done, - ,Communion,2024-03-03 AM @ Durham (Lead: Matt Brown),Not What My Hands Have Done,,,
God Be Merciful to Me, - ,Communion,2024-03-03 AM @ Durham (Lead: Matt Brown),God Be Merciful to Me,,,
O Come and Mourn With Me Awhile, - ,Communion,2024-03-03 AM @ Durham (Lead: Matt Brown),O Come and Mourn With Me Awhile,,,
, - ,Communion,2024-03-03 AM @ Durham (Lead: Matt Brown),,,,
, - ,Communion,2024-03-03 AM @ Durham (Lead: Matt Brown),,,,
Blessed Be Your Name, - ,Closer,2024-03-03 AM @ Durham (Lead: Matt Brown),Blessed Be Your Name,,,
O Love That Will Not Let Me Go , - ,Prelude,2024-02-25 AM @ Durham (Lead: Matt Brown),O Love That Will Not Let Me Go ,,,
In Christ Alone, - ,Opener,2024-02-25 AM @ Durham (Lead: Matt Brown),In Christ Alone,,,
Approach My Soul the Mercy Seat (Jamie Barnes), - ,Opener,2024-02-25 AM @ Durham (Lead: Matt Brown),Approach My Soul the Mercy Seat (Jamie Barnes),,,
Whate'er My God Ordains Is Right (RUF), - ,Offering,2024-02-25 AM @ Durham (Lead: Matt Brown),Whate'er My God Ordains Is Right (RUF),,,
Gloria Patri (Ellis), - ,Offering,2024-02-25 AM @ Durham (Lead: Matt Brown),Gloria Patri (Ellis),,,
We Will Feast in the House of Zion (McCracken), - ,Closer,2024-02-25 AM @ Durham (Lead: Matt Brown),We Will Feast in the House of Zion (McCracken),,,
Come and Welcome, - ,Prelude,2024-02-18 AM @ Durham (Lead: Matt Brown),Come and Welcome,,,
40 (I Will Sing), - ,Opener,2024-02-18 AM @ Durham (Lead: Matt Brown),40 (I Will Sing),,,
And Can It Be, - ,Opener,2024-02-18 AM @ Durham (Lead: Matt Brown),And Can It Be,,,
I Heard the Voice of Jesus Say (trad), - ,Offering,2024-02-18 AM @ Durham (Lead: Matt Brown),I Heard the Voice of Jesus Say (trad),,,
Doxology, - ,Offering,2024-02-18 AM @ Durham (Lead: Matt Brown),Doxology,,,
My Hope is Built on Nothing Less, - ,Closer,2024-02-18 AM @ Durham (Lead: Matt Brown),My Hope is Built on Nothing Less,,,
Come Thou Fount, - ,Prelude,2024-02-11 AM @ Durham (Lead: Matt Brown),Come Thou Fount,,,
By Faith, - ,Opener,2024-02-11 AM @ Durham (Lead: Matt Brown),By Faith,,,
Praise My Soul the King of Heaven (RUF), - ,Opener,2024-02-11 AM @ Durham (Lead: Matt Brown),Praise My Soul the King of Heaven (RUF),,,
Isaiah 43, - ,Offering,2024-02-11 AM @ Durham (Lead: Matt Brown),Isaiah 43,,,
Gloria Patri (Ellis), - ,Offering,2024-02-11 AM @ Durham (Lead: Matt Brown),Gloria Patri (Ellis),,,
Abide With Me (RUF), - ,Closer,2024-02-11 AM @ Durham (Lead: Matt Brown),Abide With Me (RUF),,,
Thy Mercy My God, - ,Prelude,2024-02-04 AM @ Durham (Lead: Matt Brown),Thy Mercy My God,,,
Jesus Cast a Look on Me, - ,Opener,2024-02-04 AM @ Durham (Lead: Matt Brown),Jesus Cast a Look on Me,,,
I Sought the Lord (Thou Lovest Me), - ,Offering,2024-02-04 AM @ Durham (Lead: Matt Brown),I Sought the Lord (Thou Lovest Me),,,
Doxology, - ,Offering,2024-02-04 AM @ Durham (Lead: Matt Brown),Doxology,,,
Jesus I Come, - ,Communion,2024-02-04 AM @ Durham (Lead: Matt Brown),Jesus I Come,,,
Lord Have Mercy, - ,Communion,2024-02-04 AM @ Durham (Lead: Matt Brown),Lord Have Mercy,,,
What Wondrous Love is This, - ,Communion,2024-02-04 AM @ Durham (Lead: Matt Brown),What Wondrous Love is This,,,
Jesus Lover of My Soul, - ,Communion,2024-02-04 AM @ Durham (Lead: Matt Brown),Jesus Lover of My Soul,,,
Nothing But the Blood, - ,Communion,2024-02-04 AM @ Durham (Lead: Matt Brown),Nothing But the Blood,,,
Psalm 130 / From Depths of Woe (RUF), - ,Closer,2024-02-04 AM @ Durham (Lead: Matt Brown),Psalm 130 / From Depths of Woe (RUF),,,
Revelation Song, - ,Prelude,2024-01-28 AM @ Durham (Lead: Matt Brown),Revelation Song,,,
All Things Bright and Beautiful (Rain for Roots), - ,Opener,2024-01-28 AM @ Durham (Lead: Matt Brown),All Things Bright and Beautiful (Rain for Roots),,,
This is My Father's World, - ,Opener,2024-01-28 AM @ Durham (Lead: Matt Brown),This is My Father's World,,,
Fairest Lord Jesus, - ,Offering,2024-01-28 AM @ Durham (Lead: Matt Brown),Fairest Lord Jesus,,,
Gloria Patri (Ellis), - ,Offering,2024-01-28 AM @ Durham (Lead: Matt Brown),Gloria Patri (Ellis),,,
For the Beauty of the Earth, - ,Closer,2024-01-28 AM @ Durham (Lead: Matt Brown),For the Beauty of the Earth,,,
All Hail the Power of Jesus' Name, - ,Prelude,2024-01-21 AM @ Durham (Lead: Matt Brown),All Hail the Power of Jesus' Name,,,
All Creatures of Our God and King, - ,Opener,2024-01-21 AM @ Durham (Lead: Matt Brown),All Creatures of Our God and King,,,
His Mercy is More, - ,Opener,2024-01-21 AM @ Durham (Lead: Matt Brown),His Mercy is More,,,
Guide Me O Thou Great Jehovah (RUF), - ,Offering,2024-01-21 AM @ Durham (Lead: Matt Brown),Guide Me O Thou Great Jehovah (RUF),,,
Doxology, - ,Offering,2024-01-21 AM @ Durham (Lead: Matt Brown),Doxology,,,
I Know That My Redeemer Lives - Glory Hallelujah!, - ,Closer,2024-01-21 AM @ Durham (Lead: Matt Brown),I Know That My Redeemer Lives - Glory Hallelujah!,,,
Be Thou My Vision, - ,Prelude,2024-01-14 AM @ Durham (Lead: Matt Brown),Be Thou My Vision,,,
Blessed Be Your Name, - ,Opener,2024-01-14 AM @ Durham (Lead: Matt Brown),Blessed Be Your Name,,,
Hail to the Lord's Anointed (Welcome Wagon), - ,Opener,2024-01-14 AM @ Durham (Lead: Matt Brown),Hail to the Lord's Anointed (Welcome Wagon),,,
Be Still My Soul, - ,Offering,2024-01-14 AM @ Durham (Lead: Matt Brown),Be Still My Soul,,,
Gloria Patri (Ellis), - ,Offering,2024-01-14 AM @ Durham (Lead: Matt Brown),Gloria Patri (Ellis),,,
It Is Well With My Soul, - ,Closer,2024-01-14 AM @ Durham (Lead: Matt Brown),It Is Well With My Soul,,,
Joyful Joyful, - ,Prelude,2024-01-07 AM @ Durham (Lead: Matt Brown),Joyful Joyful,,,
Praise to the Lord the Almighty (trad), - ,Opener,2024-01-07 AM @ Durham (Lead: Matt Brown),Praise to the Lord the Almighty (trad),,,
I Will Praise Him Still, - ,Offering,2024-01-07 AM @ Durham (Lead: Matt Brown),I Will Praise Him Still,,,
Doxology, - ,Offering,2024-01-07 AM @ Durham (Lead: Matt Brown),Doxology,,,
When I Survey the Wondrous Cross (Wally Wally), - ,Communion,2024-01-07 AM @ Durham (Lead: Matt Brown),When I Survey the Wondrous Cross (Wally Wally),,,
O Sacred Head Now Wounded, - ,Communion,2024-01-07 AM @ Durham (Lead: Matt Brown),O Sacred Head Now Wounded,,,
Wonderful Merciful Savior, - ,Communion,2024-01-07 AM @ Durham (Lead: Matt Brown),Wonderful Merciful Savior,,,
Let Us Love and Sing and Wonder, - ,Communion,2024-01-07 AM @ Durham (Lead: Matt Brown),Let Us Love and Sing and Wonder,,,
Create in Me a Clean Heart, - ,Communion,2024-01-07 AM @ Durham (Lead: Matt Brown),Create in Me a Clean Heart,,,
Yet Not I But Christ in Me, - ,Closer,2024-01-07 AM @ Durham (Lead: Matt Brown),Yet Not I But Christ in Me,,,
Come O Redeemer Come (Ortega), - ,Prelude,2023-12-31 AM @ Durham (Lead: Matt Brown),Come O Redeemer Come (Ortega),,,
What Child Is This, - ,Opener,2023-12-31 AM @ Durham (Lead: Matt Brown),What Child Is This,,,
Praise to the Holiest in the Height, - ,Opener,2023-12-31 AM @ Durham (Lead: Matt Brown),Praise to the Holiest in the Height,,,
O Day of Peace (Josh Garrels), - ,Offering,2023-12-31 AM @ Durham (Lead: Matt Brown),O Day of Peace (Josh Garrels),,,
Gloria Patri (Ellis), - ,Offering,2023-12-31 AM @ Durham (Lead: Matt Brown),Gloria Patri (Ellis),,,
Jesus All for Jesus, - ,Closer,2023-12-31 AM @ Durham (Lead: Matt Brown),Jesus All for Jesus,,,
Hark the Herald Angels Sing, - ,Prelude,2023-12-24 AM @ Durham (Lead: Matt Brown),Hark the Herald Angels Sing,,,
Joy to the World, - ,Opener,2023-12-24 AM @ Durham (Lead: Matt Brown),Joy to the World,,,
Infant Holy Infant Lowly, - ,Offering,2023-12-24 AM @ Durham (Lead: Matt Brown),Infant Holy Infant Lowly,,,
Doxology, - ,Offering,2023-12-24 AM @ Durham (Lead: Matt Brown),Doxology,,,
Angels We Have Heard On High, - ,Closer,2023-12-24 AM @ Durham (Lead: Matt Brown),Angels We Have Heard On High,,,
Once in Royal David's City, - ,Prelude,2023-12-17 AM @ Durham (Lead: Matt Brown),Once in Royal David's City,,,
Comfort Comfort Ye My People, - ,Opener,2023-12-17 AM @ Durham (Lead: Matt Brown),Comfort Comfort Ye My People,,,
Oh Holy Night, - ,Opener,2023-12-17 AM @ Durham (Lead: Matt Brown),Oh Holy Night,,,
Thou Who Wast Rich, - ,Offering,2023-12-17 AM @ Durham (Lead: Matt Brown),Thou Who Wast Rich,,,
Gloria Patri (Ellis), - ,Offering,2023-12-17 AM @ Durham (Lead: Matt Brown),Gloria Patri (Ellis),,,
O Come All Ye Faithful, - ,Closer,2023-12-17 AM @ Durham (Lead: Matt Brown),O Come All Ye Faithful,,,
God Rest Ye Merry Gentlemen, - ,Prelude,2023-12-10 AM @ Durham (Lead: Matt Brown),God Rest Ye Merry Gentlemen,,,
Good Christian Men Rejoice, - ,Opener,2023-12-10 AM @ Durham (Lead: Matt Brown),Good Christian Men Rejoice,,,
Let All Mortal Flesh Keep Silence, - ,Opener,2023-12-10 AM @ Durham (Lead: Matt Brown),Let All Mortal Flesh Keep Silence,,,
Come Thou Long Expected Jesus, - ,Offering,2023-12-10 AM @ Durham (Lead: Matt Brown),Come Thou Long Expected Jesus,,,
Doxology, - ,Offering,2023-12-10 AM @ Durham (Lead: Matt Brown),Doxology,,,
Joy to the World, - ,Closer,2023-12-10 AM @ Durham (Lead: Matt Brown),Joy to the World,,,
Come Thou Long Expected Jesus, - ,Prelude,2023-12-03 AM @ Durham (Lead: Matt Brown),Come Thou Long Expected Jesus,,,
Isaiah 11 (Rain for Roots), - ,Opener,2023-12-03 AM @ Durham (Lead: Matt Brown),Isaiah 11 (Rain for Roots),,,
Of the Father's Love Begotten, - ,Offering,2023-12-03 AM @ Durham (Lead: Matt Brown),Of the Father's Love Begotten,,,
Gloria Patri (Ellis), - ,Offering,2023-12-03 AM @ Durham (Lead: Matt Brown),Gloria Patri (Ellis),,,
O Sing a Song of Bethlehem, - ,Communion,2023-12-03 AM @ Durham (Lead: Matt Brown),O Sing a Song of Bethlehem,,,
Lord Have Mercy, - ,Communion,2023-12-03 AM @ Durham (Lead: Matt Brown),Lord Have Mercy,,,
Come Ye Sinners (E major - not Ortega's), - ,Communion,2023-12-03 AM @ Durham (Lead: Matt Brown),Come Ye Sinners (E major - not Ortega's),,,
Jesus Lover of My Soul, - ,Communion,2023-12-03 AM @ Durham (Lead: Matt Brown),Jesus Lover of My Soul,,,
Who is This So Weak and Helpless (RUF), - ,Communion,2023-12-03 AM @ Durham (Lead: Matt Brown),Who is This So Weak and Helpless (RUF),,,
O Come O Come Emmanuel, - ,Closer,2023-12-03 AM @ Durham (Lead: Matt Brown),O Come O Come Emmanuel,,,
O for a Thousand Tongues to Sing (trad), - ,Prelude,2023-11-26 AM @ Durham (Lead: Matt Brown),O for a Thousand Tongues to Sing (trad),,,
For the Beauty of the Earth, - ,Opener,2023-11-26 AM @ Durham (Lead: Matt Brown),For the Beauty of the Earth,,,
Let All Things Now Living, - ,Opener,2023-11-26 AM @ Durham (Lead: Matt Brown),Let All Things Now Living,,,
Whate'er My God Ordains Is Right (RUF), - ,Offering,2023-11-26 AM @ Durham (Lead: Matt Brown),Whate'er My God Ordains Is Right (RUF),,,
Doxology, - ,Offering,2023-11-26 AM @ Durham (Lead: Matt Brown),Doxology,,,
Great is Thy Faithfulness (trad), - ,Closer,2023-11-26 AM @ Durham (Lead: Matt Brown),Great is Thy Faithfulness (trad),,,
My Hope is Built on Nothing Less, - ,Closer,2023-11-19 AM @ Durham (Lead: J. Tingle),My Hope is Built on Nothing Less,,,
May the Mind of Christ My Savior, - ,Offering,2023-11-19 AM @ Durham (Lead: J. Tingle),May the Mind of Christ My Savior,,,
Blessed Be Your Name, - ,Opener,2023-11-19 AM @ Durham (Lead: J. Tingle),Blessed Be Your Name,,,
Praise My Soul the King of Heaven (RUF), - ,Opener,2023-11-19 AM @ Durham (Lead: J. Tingle),Praise My Soul the King of Heaven (RUF),,,
Step by Step (just the chorus), - ,Prelude,2023-11-19 AM @ Durham (Lead: J. Tingle),Step by Step (just the chorus),,,
Everlasting God, - ,Prelude,2023-11-12 AM @ Durham (Lead: Matt Brown),Everlasting God,,,
Praise to the Lord the Almighty (trad), - ,Opener,2023-11-12 AM @ Durham (Lead: Matt Brown),Praise to the Lord the Almighty (trad),,,
This is My Father's World, - ,Opener,2023-11-12 AM @ Durham (Lead: Matt Brown),This is My Father's World,,,
It Is Well With My Soul, - ,Offering,2023-11-12 AM @ Durham (Lead: Matt Brown),It Is Well With My Soul,,,
Doxology, - ,Offering,2023-11-12 AM @ Durham (Lead: Matt Brown),Doxology,,,
Yet Not I But Christ in Me, - ,Closer,2023-11-12 AM @ Durham (Lead: Matt Brown),Yet Not I But Christ in Me,,,
Come and Welcome, - ,Prelude,2023-11-05 AM @ Durham (Lead: Matt Brown),Come and Welcome,,,
The Sands of Time Are Sinking (RUF), - ,Opener,2023-11-05 AM @ Durham (Lead: Matt Brown),The Sands of Time Are Sinking (RUF),,,
Guide Me O Thou Great Jehovah (RUF), - ,Offering,2023-11-05 AM @ Durham (Lead: Matt Brown),Guide Me O Thou Great Jehovah (RUF),,,
Gloria Patri (Ellis), - ,Offering,2023-11-05 AM @ Durham (Lead: Matt Brown),Gloria Patri (Ellis),,,
When I Survey the Wondrous Cross (Wally Wally), - ,Communion,2023-11-05 AM @ Durham (Lead: Matt Brown),When I Survey the Wondrous Cross (Wally Wally),,,
O Come and Mourn With Me Awhile, - ,Communion,2023-11-05 AM @ Durham (Lead: Matt Brown),O Come and Mourn With Me Awhile,,,
Jesus What a Friend for Sinners, - ,Communion,2023-11-05 AM @ Durham (Lead: Matt Brown),Jesus What a Friend for Sinners,,,
Rock of Ages (Ward), - ,Communion,2023-11-05 AM @ Durham (Lead: Matt Brown),Rock of Ages (Ward),,,
How Deep the Father's Love for Us, - ,Communion,2023-11-05 AM @ Durham (Lead: Matt Brown),How Deep the Father's Love for Us,,,
And Can It Be, - ,Closer,2023-11-05 AM @ Durham (Lead: Matt Brown),And Can It Be,,,
A Mighty Fortress is Our God, - ,Prelude,2023-10-29 AM @ Durham (Lead: Matt Brown),A Mighty Fortress is Our God,,,
O Church Arise - INCLUDE CHORUS, - ,Opener,2023-10-29 AM @ Durham (Lead: Matt Brown),O Church Arise - INCLUDE CHORUS,,,
Thy Mercy My God, - ,Opener,2023-10-29 AM @ Durham (Lead: Matt Brown),Thy Mercy My God,,,
The Church's One Foundation (RUF), - ,Offering,2023-10-29 AM @ Durham (Lead: Matt Brown),The Church's One Foundation (RUF),,,
Doxology, - ,Offering,2023-10-29 AM @ Durham (Lead: Matt Brown),Doxology,,,
For All the Saints, - ,Closer,2023-10-29 AM @ Durham (Lead: Matt Brown),For All the Saints,,,
10000 Reasons (Bless the Lord), - ,Prelude,2023-10-22 AM @ Durham (Lead: Matt Brown),10000 Reasons (Bless the Lord),,,
Holy Holy Holy, - ,Opener,2023-10-22 AM @ Durham (Lead: Matt Brown),Holy Holy Holy,,,
Jesus Cast a Look on Me, - ,Opener,2023-10-22 AM @ Durham (Lead: Matt Brown),Jesus Cast a Look on Me,,,
They Will Know We Are Christians By Our Love, - ,Offering,2023-10-22 AM @ Durham (Lead: Matt Brown),They Will Know We Are Christians By Our Love,,,
Gloria Patri (Ellis), - ,Offering,2023-10-22 AM @ Durham (Lead: Matt Brown),Gloria Patri (Ellis),,,
O the Deep Deep Love of Jesus, - ,Closer,2023-10-22 AM @ Durham (Lead: Matt Brown),O the Deep Deep Love of Jesus,,,
Give Me Jesus, - ,Prelude,2023-10-15 AM @ Durham (Lead: Matt Brown),Give Me Jesus,,,
40 (I Will Sing), - ,Opener,2023-10-15 AM @ Durham (Lead: Matt Brown),40 (I Will Sing),,,
On Jordan's Stormy Banks, - ,Opener,2023-10-15 AM @ Durham (Lead: Matt Brown),On Jordan's Stormy Banks,,,
Psalm 126 (Bifrost), - ,Offering,2023-10-15 AM @ Durham (Lead: Matt Brown),Psalm 126 (Bifrost),,,
Doxology, - ,Offering,2023-10-15 AM @ Durham (Lead: Matt Brown),Doxology,,,
I Know That My Redeemer Lives - Glory Hallelujah!, - ,Closer,2023-10-15 AM @ Durham (Lead: Matt Brown),I Know That My Redeemer Lives - Glory Hallelujah!,,,
Jesus I Come, - ,Prelude,2023-10-08 AM @ Durham (Lead: Matt Brown),Jesus I Come,,,
Wonderful Merciful Savior, - ,Opener,2023-10-08 AM @ Durham (Lead: Matt Brown),Wonderful Merciful Savior,,,
Abide With Me (RUF), - ,Offering,2023-10-08 AM @ Durham (Lead: Matt Brown),Abide With Me (RUF),,,
Gloria Patri (Ellis), - ,Offering,2023-10-08 AM @ Durham (Lead: Matt Brown),Gloria Patri (Ellis),,,
Speak O Lord, - ,Communion,2023-10-08 AM @ Durham (Lead: Matt Brown),Speak O Lord,,,
What Wondrous Love is This, - ,Communion,2023-10-08 AM @ Durham (Lead: Matt Brown),What Wondrous Love is This,,,
Let Us Love and Sing and Wonder, - ,Communion,2023-10-08 AM @ Durham (Lead: Matt Brown),Let Us Love and Sing and Wonder,,,
Come All Ye Pining Hungry Poor, - ,Communion,2023-10-08 AM @ Durham (Lead: Matt Brown),Come All Ye Pining Hungry Poor,,,
Nothing But the Blood, - ,Communion,2023-10-08 AM @ Durham (Lead: Matt Brown),Nothing But the Blood,,,
We Will Feast in the House of Zion (McCracken), - ,Closer,2023-10-08 AM @ Durham (Lead: Matt Brown),We Will Feast in the House of Zion (McCracken),,,
Revelation Song, - ,Prelude,2023-10-01 AM @ Durham (Lead: Matt Brown),Revelation Song,,,
Jesus All for Jesus, - ,Opener,2023-10-01 AM @ Durham (Lead: Matt Brown),Jesus All for Jesus,,,
Psalm 130 / From Depths of Woe (RUF), - ,Opener,2023-10-01 AM @ Durham (Lead: Matt Brown),Psalm 130 / From Depths of Woe (RUF),,,
Before the Throne of God Above, - ,Offering,2023-10-01 AM @ Durham (Lead: Matt Brown),Before the Throne of God Above,,,
Doxology, - ,Offering,2023-10-01 AM @ Durham (Lead: Matt Brown),Doxology,,,
Isaiah 43, - ,Closer,2023-10-01 AM @ Durham (Lead: Matt Brown),Isaiah 43,,,
O Love That Will Not Let Me Go , - ,Prelude,2023-09-24 AM @ Durham (Lead: Matt Brown),O Love That Will Not Let Me Go ,,,
Come Ye Sinners (E major - not Ortega's), - ,Opener,2023-09-24 AM @ Durham (Lead: Matt Brown),Come Ye Sinners (E major - not Ortega's),,,
He Will Hold Me Fast, - ,Opener,2023-09-24 AM @ Durham (Lead: Matt Brown),He Will Hold Me Fast,,,
I Sought the Lord (Thou Lovest Me), - ,Offering,2023-09-24 AM @ Durham (Lead: Matt Brown),I Sought the Lord (Thou Lovest Me),,,
Gloria Patri (Ellis), - ,Offering,2023-09-24 AM @ Durham (Lead: Matt Brown),Gloria Patri (Ellis),,,
In Christ Alone, - ,Closer,2023-09-24 AM @ Durham (Lead: Matt Brown),In Christ Alone,,,
O for a Thousand Tongues to Sing (trad), - ,Prelude,2023-09-17 AM @ Durham (Lead: Matt Brown),O for a Thousand Tongues to Sing (trad),,,
Immortal Invisible (traditional), - ,Opener,2023-09-17 AM @ Durham (Lead: Matt Brown),Immortal Invisible (traditional),,,
Lord I Need You (Matt Maher), - ,Opener,2023-09-17 AM @ Durham (Lead: Matt Brown),Lord I Need You (Matt Maher),,,
Jesus Lover of My Soul, - ,Offering,2023-09-17 AM @ Durham (Lead: Matt Brown),Jesus Lover of My Soul,,,
Doxology, - ,Offering,2023-09-17 AM @ Durham (Lead: Matt Brown),Doxology,,,
My Hope is Built on Nothing Less, - ,Closer,2023-09-17 AM @ Durham (Lead: Matt Brown),My Hope is Built on Nothing Less,,,
Come Christians Join to Sing, - ,Prelude,2023-09-10 AM @ Durham (Lead: Matt Brown),Come Christians Join to Sing,,,
Prince of Peace, - ,Opener,2023-09-10 AM @ Durham (Lead: Matt Brown),Prince of Peace,,,
God Be Merciful to Me, - ,Offering,2023-09-10 AM @ Durham (Lead: Matt Brown),God Be Merciful to Me,,,
Gloria Patri (Ellis), - ,Offering,2023-09-10 AM @ Durham (Lead: Matt Brown),Gloria Patri (Ellis),,,
Jesus I My Cross Have Taken, - ,Closer,2023-09-10 AM @ Durham (Lead: Matt Brown),Jesus I My Cross Have Taken,,,
Sing Oh Sky, - ,Prelude,2023-09-03 AM @ Durham (Lead: Matt Brown),Sing Oh Sky,,,
Come Thou Fount, - ,Opener,2023-09-03 AM @ Durham (Lead: Matt Brown),Come Thou Fount,,,
Micah 6:8, - ,Offering,2023-09-03 AM @ Durham (Lead: Matt Brown),Micah 6:8,,,
Doxology, - ,Offering,2023-09-03 AM @ Durham (Lead: Matt Brown),Doxology,,,
Whate'er My God Ordains Is Right (RUF), - ,Communion,2023-09-03 AM @ Durham (Lead: Matt Brown),Whate'er My God Ordains Is Right (RUF),,,
Ah Holy Jesus, - ,Communion,2023-09-03 AM @ Durham (Lead: Matt Brown),Ah Holy Jesus,,,
Not What My Hands Have Done, - ,Communion,2023-09-03 AM @ Durham (Lead: Matt Brown),Not What My Hands Have Done,,,
When I Survey the Wondrous Cross (Wally Wally), - ,Communion,2023-09-03 AM @ Durham (Lead: Matt Brown),When I Survey the Wondrous Cross (Wally Wally),,,
Near the Cross, - ,Communion,2023-09-03 AM @ Durham (Lead: Matt Brown),Near the Cross,,,
Jesus Paid it All (O Praise the One), - ,Closer,2023-09-03 AM @ Durham (Lead: Matt Brown),Jesus Paid it All (O Praise the One),,,
Crown Him With Many Crowns, - ,Prelude,2023-08-27 AM @ Durham (Lead: Matt Brown),Crown Him With Many Crowns,,,
Be Thou My Vision, - ,Opener,2023-08-27 AM @ Durham (Lead: Matt Brown),Be Thou My Vision,,,
The Church's One Foundation (RUF), - ,Opener,2023-08-27 AM @ Durham (Lead: Matt Brown),The Church's One Foundation (RUF),,,
May the Mind of Christ My Savior, - ,Offering,2023-08-27 AM @ Durham (Lead: Matt Brown),May the Mind of Christ My Savior,,,
Gloria Patri (Ellis), - ,Offering,2023-08-27 AM @ Durham (Lead: Matt Brown),Gloria Patri (Ellis),,,
Yet Not I But Christ in Me, - ,Closer,2023-08-27 AM @ Durham (Lead: Matt Brown),Yet Not I But Christ in Me,,,
Praise to the Lord the Almighty (trad), - ,Prelude,2023-08-20 AM @ Durham (Lead: Matt Brown),Praise to the Lord the Almighty (trad),,,
The Sands of Time Are Sinking (RUF), - ,Opener,2023-08-20 AM @ Durham (Lead: Matt Brown),The Sands of Time Are Sinking (RUF),,,
All Creatures of Our God and King, - ,Opener,2023-08-20 AM @ Durham (Lead: Matt Brown),All Creatures of Our God and King,,,
For All the Saints, - ,Offering,2023-08-20 AM @ Durham (Lead: Matt Brown),For All the Saints,,,
Doxology, - ,Offering,2023-08-20 AM @ Durham (Lead: Matt Brown),Doxology,,,
By Faith, - ,Closer,2023-08-20 AM @ Durham (Lead: Matt Brown),By Faith,,,
Thy Mercy My God, - ,Prelude,2023-08-13 AM @ Durham (Lead: Matt Brown),Thy Mercy My God,,,
Blessed Be Your Name, - ,Opener,2023-08-13 AM @ Durham (Lead: Matt Brown),Blessed Be Your Name,,,
Approach My Soul the Mercy Seat (Jamie Barnes), - ,Opener,2023-08-13 AM @ Durham (Lead: Matt Brown),Approach My Soul the Mercy Seat (Jamie Barnes),,,
Tis So Sweet to Trust in Jesus, - ,Offering,2023-08-13 AM @ Durham (Lead: Matt Brown),Tis So Sweet to Trust in Jesus,,,
Gloria Patri (Ellis), - ,Offering,2023-08-13 AM @ Durham (Lead: Matt Brown),Gloria Patri (Ellis),,,
Jesus Cast a Look on Me, - ,Closer,2023-08-13 AM @ Durham (Lead: Matt Brown),Jesus Cast a Look on Me,,,
Jesus I Come, - ,Prelude,2023-08-06 AM @ Durham (Lead: Matt Brown),Jesus I Come,,,
Agnus Dei, - ,Opener,2023-08-06 AM @ Durham (Lead: Matt Brown),Agnus Dei,,,
Hail to the Lord's Anointed (Welcome Wagon), - ,Offering,2023-08-06 AM @ Durham (Lead: Matt Brown),Hail to the Lord's Anointed (Welcome Wagon),,,
Doxology, - ,Offering,2023-08-06 AM @ Durham (Lead: Matt Brown),Doxology,,,
Lord Have Mercy, - ,Communion,2023-08-06 AM @ Durham (Lead: Matt Brown),Lord Have Mercy,,,
O Sacred Head Now Wounded, - ,Communion,2023-08-06 AM @ Durham (Lead: Matt Brown),O Sacred Head Now Wounded,,,
I Heard the Voice of Jesus Say (trad), - ,Communion,2023-08-06 AM @ Durham (Lead: Matt Brown),I Heard the Voice of Jesus Say (trad),,,
Hallelujah! What a Savior, - ,Communion,2023-08-06 AM @ Durham (Lead: Matt Brown),Hallelujah! What a Savior,,,
, - ,Communion,2023-08-06 AM @ Durham (Lead: Matt Brown),,,,
How Deep the Father's Love for Us, - ,Closer,2023-08-06 AM @ Durham (Lead: Matt Brown),How Deep the Father's Love for Us,,,
Everlasting God, - ,Prelude,2023-07-30 AM @ Durham (Lead: Matt Brown),Everlasting God,,,
40 (I Will Sing), - ,Opener,2023-07-30 AM @ Durham (Lead: Matt Brown),40 (I Will Sing),,,
And Can It Be, - ,Opener,2023-07-30 AM @ Durham (Lead: Matt Brown),And Can It Be,,,
Praise My Soul the King of Heaven (RUF), - ,Offering,2023-07-30 AM @ Durham (Lead: Matt Brown),Praise My Soul the King of Heaven (RUF),,,
Gloria Patri (Ellis), - ,Offering,2023-07-30 AM @ Durham (Lead: Matt Brown),Gloria Patri (Ellis),,,
Abide With Me (RUF), - ,Closer,2023-07-30 AM @ Durham (Lead: Matt Brown),Abide With Me (RUF),,,
Come Ye Sinners (no chorus), - ,Prelude,2023-07-23  @  (Lead: Jenn Daniels Neal),Come Ye Sinners (no chorus),,,
All Hail the Power of Jesus' Name, - ,Opener,2023-07-23  @  (Lead: Jenn Daniels Neal),All Hail the Power of Jesus' Name,,,
O the Deep Deep Love of Jesus, - ,Opener,2023-07-23  @  (Lead: Jenn Daniels Neal),O the Deep Deep Love of Jesus,,,
Our Great God (Ortega), - ,Offering,2023-07-23  @  (Lead: Jenn Daniels Neal),Our Great God (Ortega),,,
Doxology, - ,Offering,2023-07-23  @  (Lead: Jenn Daniels Neal),Doxology,,,
We Will Feast in the House of Zion (McCracken), - ,Closer,2023-07-23  @  (Lead: Jenn Daniels Neal),We Will Feast in the House of Zion (McCracken),,,
10000 Reasons (Bless the Lord), - ,Prelude,2023-07-16 AM @ Durham (Lead: Matt Brown),10000 Reasons (Bless the Lord),,,
Revelation Song, - ,Opener,2023-07-16 AM @ Durham (Lead: Matt Brown),Revelation Song,,,
Guide Me O Thou Great Jehovah (RUF), - ,Opener,2023-07-16 AM @ Durham (Lead: Matt Brown),Guide Me O Thou Great Jehovah (RUF),,,
I Sought the Lord (Thou Lovest Me), - ,Offering,2023-07-16 AM @ Durham (Lead: Matt Brown),I Sought the Lord (Thou Lovest Me),,,
Doxology, - ,Offering,2023-07-16 AM @ Durham (Lead: Matt Brown),Doxology,,,
On Jordan's Stormy Banks, - ,Closer,2023-07-16 AM @ Durham (Lead: Matt Brown),On Jordan's Stormy Banks,,,
Come and Welcome, - ,Prelude,2023-07-09 AM @ Durham (Lead: Matt Brown),Come and Welcome,,,
I Know That My Redeemer Lives - Glory Hallelujah!, - ,Opener,2023-07-09 AM @ Durham (Lead: Matt Brown),I Know That My Redeemer Lives - Glory Hallelujah!,,,
In Christ Alone, - ,Opener,2023-07-09 AM @ Durham (Lead: Matt Brown),In Christ Alone,,,
Isaiah 43, - ,Offering,2023-07-09 AM @ Durham (Lead: Matt Brown),Isaiah 43,,,
Psalm 126 (Bifrost), - ,,2023-07-09 AM @ Durham (Lead: Matt Brown),Psalm 126 (Bifrost),,,
Gloria Patri (Ellis), - ,Offering,2023-07-09 AM @ Durham (Lead: Matt Brown),Gloria Patri (Ellis),,,
Psalm 130 / From Depths of Woe (RUF), - ,Closer,2023-07-09 AM @ Durham (Lead: Matt Brown),Psalm 130 / From Depths of Woe (RUF),,,
O for a Thousand Tongues to Sing (trad), - ,Prelude,2023-07-02 AM @ Durham (Lead: Matt Brown),O for a Thousand Tongues to Sing (trad),,,
Speak O Lord, - ,Opener,2023-07-02 AM @ Durham (Lead: Matt Brown),Speak O Lord,,,
O Great God (Sovereign Grace), - ,Offering,2023-07-02 AM @ Durham (Lead: Matt Brown),O Great God (Sovereign Grace),,,
Doxology, - ,Offering,2023-07-02 AM @ Durham (Lead: Matt Brown),Doxology,,,
Come All Ye Pining Hungry Poor, - ,Communion,2023-07-02 AM @ Durham (Lead: Matt Brown),Come All Ye Pining Hungry Poor,,,
O Come and Mourn With Me Awhile, - ,Communion,2023-07-02 AM @ Durham (Lead: Matt Brown),O Come and Mourn With Me Awhile,,,
Rock of Ages (Ward), - ,Communion,2023-07-02 AM @ Durham (Lead: Matt Brown),Rock of Ages (Ward),,,
Let Us Love and Sing and Wonder, - ,Communion,2023-07-02 AM @ Durham (Lead: Matt Brown),Let Us Love and Sing and Wonder,,,
What Wondrous Love is This, - ,Communion,2023-07-02 AM @ Durham (Lead: Matt Brown),What Wondrous Love is This,,,
In Christ Alone, - ,Closer,2023-07-02 AM @ Durham (Lead: Matt Brown),In Christ Alone,,,
O Love That Will Not Let Me Go , - ,Prelude,2023-06-25 AM @ Durham (Lead: Matt Brown),O Love That Will Not Let Me Go ,,,
God Be Merciful to Me, - ,Opener,2023-06-25 AM @ Durham (Lead: Matt Brown),God Be Merciful to Me,,,
His Mercy is More, - ,Opener,2023-06-25 AM @ Durham (Lead: Matt Brown),His Mercy is More,,,
Before the Throne of God Above, - ,Offering,2023-06-25 AM @ Durham (Lead: Matt Brown),Before the Throne of God Above,,,
Gloria Patri (Ellis), - ,Offering,2023-06-25 AM @ Durham (Lead: Matt Brown),Gloria Patri (Ellis),,,
My Hope is Built on Nothing Less, - ,Closer,2023-06-25 AM @ Durham (Lead: Matt Brown),My Hope is Built on Nothing Less,,,
Sing Oh Sky, - ,Prelude,2023-06-18 AM @ Durham (Lead: Matt Brown),Sing Oh Sky,,,
Praise to the Lord the Almighty (trad), - ,Opener,2023-06-18 AM @ Durham (Lead: Matt Brown),Praise to the Lord the Almighty (trad),,,
This is My Father's World, - ,Opener,2023-06-18 AM @ Durham (Lead: Matt Brown),This is My Father's World,,,
Better is One Day, - ,Offering,2023-06-18 AM @ Durham (Lead: Matt Brown),Better is One Day,,,
Doxology, - ,Offering,2023-06-18 AM @ Durham (Lead: Matt Brown),Doxology,,,
Jesus What a Friend for Sinners, - ,Closer,2023-06-18 AM @ Durham (Lead: Matt Brown),Jesus What a Friend for Sinners,,,
Come People of the Risen King, - ,Prelude,2023-06-11 AM @ Durham (Lead: J. Tingle),Come People of the Risen King,,,
Tis So Sweet to Trust in Jesus, - ,Opener,2023-06-11 AM @ Durham (Lead: J. Tingle),Tis So Sweet to Trust in Jesus,,,
O Worship the King, - ,Opener,2023-06-11 AM @ Durham (Lead: J. Tingle),O Worship the King,,,
Psalm 19 (May the Words of My Mouth), - ,Offering,2023-06-11 AM @ Durham (Lead: J. Tingle),Psalm 19 (May the Words of My Mouth),,,
Gloria Patri (Ellis), - ,Offering,2023-06-11 AM @ Durham (Lead: J. Tingle),Gloria Patri (Ellis),,,
Father Long Before Creation, - ,Closer,2023-06-11 AM @ Durham (Lead: J. Tingle),Father Long Before Creation,,,
Jesus I Come, - ,Prelude,2023-06-04 AM @ Durham (Lead: Matt Brown),Jesus I Come,,,
The King of Love My Shepherd Is (I Am They), - ,Opener,2023-06-04 AM @ Durham (Lead: Matt Brown),The King of Love My Shepherd Is (I Am They),,,
Holy Holy Holy, - ,Offering,2023-06-04 AM @ Durham (Lead: Matt Brown),Holy Holy Holy,,,
Doxology, - ,Offering,2023-06-04 AM @ Durham (Lead: Matt Brown),Doxology,,,
Come Ye Sinners (E major - not Ortega's), - ,Communion,2023-06-04 AM @ Durham (Lead: Matt Brown),Come Ye Sinners (E major - not Ortega's),,,
Nothing But the Blood, - ,Communion,2023-06-04 AM @ Durham (Lead: Matt Brown),Nothing But the Blood,,,
Jesus Lover of My Soul, - ,Communion,2023-06-04 AM @ Durham (Lead: Matt Brown),Jesus Lover of My Soul,,,
Rock of Ages (Ward), - ,Communion,2023-06-04 AM @ Durham (Lead: Matt Brown),Rock of Ages (Ward),,,
Let Us Love and Sing and Wonder, - ,Communion,2023-06-04 AM @ Durham (Lead: Matt Brown),Let Us Love and Sing and Wonder,,,
Lord I Need You (Matt Maher), - ,Closer,2023-06-04 AM @ Durham (Lead: Matt Brown),Lord I Need You (Matt Maher),,,
Come Thou Fount, - ,Prelude,2023-05-28 AM @ Durham (Lead: Matt Brown),Come Thou Fount,,,
Everlasting God, - ,Opener,2023-05-28 AM @ Durham (Lead: Matt Brown),Everlasting God,,,
Prince of Peace, - ,Opener,2023-05-28 AM @ Durham (Lead: Matt Brown),Prince of Peace,,,
O the Deep Deep Love of Jesus, - ,Offering,2023-05-28 AM @ Durham (Lead: Matt Brown),O the Deep Deep Love of Jesus,,,
Gloria Patri (Ellis), - ,Offering,2023-05-28 AM @ Durham (Lead: Matt Brown),Gloria Patri (Ellis),,,
Be Thou My Vision, - ,Closer,2023-05-28 AM @ Durham (Lead: Matt Brown),Be Thou My Vision,,,
Agnus Dei, - ,Prelude,2023-05-21 AM @ Durham (Lead: Matt Brown),Agnus Dei,,,
The Sands of Time Are Sinking (RUF), - ,Opener,2023-05-21 AM @ Durham (Lead: Matt Brown),The Sands of Time Are Sinking (RUF),,,
Immortal Invisible (traditional), - ,Opener,2023-05-21 AM @ Durham (Lead: Matt Brown),Immortal Invisible (traditional),,,
Not What My Hands Have Done, - ,Offering,2023-05-21 AM @ Durham (Lead: Matt Brown),Not What My Hands Have Done,,,
Doxology, - ,Offering,2023-05-21 AM @ Durham (Lead: Matt Brown),Doxology,,,
Jesus I My Cross Have Taken, - ,Closer,2023-05-21 AM @ Durham (Lead: Matt Brown),Jesus I My Cross Have Taken,,,
Jesus All for Jesus, - ,Prelude,2023-05-14 AM @ Durham (Lead: Matt Brown),Jesus All for Jesus,,,
All Creatures of Our God and King, - ,Opener,2023-05-14 AM @ Durham (Lead: Matt Brown),All Creatures of Our God and King,,,
Hail to the Lord's Anointed (Welcome Wagon), - ,Opener,2023-05-14 AM @ Durham (Lead: Matt Brown),Hail to the Lord's Anointed (Welcome Wagon),,,
Jesus Cast a Look on Me, - ,Offering,2023-05-14 AM @ Durham (Lead: Matt Brown),Jesus Cast a Look on Me,,,
Gloria Patri (Ellis), - ,Offering,2023-05-14 AM @ Durham (Lead: Matt Brown),Gloria Patri (Ellis),,,
Thy Mercy My God, - ,Closer,2023-05-14 AM @ Durham (Lead: Matt Brown),Thy Mercy My God,,,
10000 Reasons (Bless the Lord), - ,Prelude,2023-05-07 AM @ Durham (Lead: Matt Brown),10000 Reasons (Bless the Lord),,,
Fairest Lord Jesus, - ,Opener,2023-05-07 AM @ Durham (Lead: Matt Brown),Fairest Lord Jesus,,,
Yet Not I But Christ in Me, - ,Offering,2023-05-07 AM @ Durham (Lead: Matt Brown),Yet Not I But Christ in Me,,,
Doxology, - ,Offering,2023-05-07 AM @ Durham (Lead: Matt Brown),Doxology,,,
Lord Have Mercy, - ,Communion,2023-05-07 AM @ Durham (Lead: Matt Brown),Lord Have Mercy,,,
Near the Cross, - ,Communion,2023-05-07 AM @ Durham (Lead: Matt Brown),Near the Cross,,,
Wonderful Merciful Savior, - ,Communion,2023-05-07 AM @ Durham (Lead: Matt Brown),Wonderful Merciful Savior,,,
How Deep the Father's Love for Us, - ,Communion,2023-05-07 AM @ Durham (Lead: Matt Brown),How Deep the Father's Love for Us,,,
O Come and Mourn With Me Awhile, - ,Communion,2023-05-07 AM @ Durham (Lead: Matt Brown),O Come and Mourn With Me Awhile,,,
And Can It Be, - ,Closer,2023-05-07 AM @ Durham (Lead: Matt Brown),And Can It Be,,,
40 (I Will Sing), - ,Prelude,2023-04-30 AM @ Durham (Lead: Matt Brown),40 (I Will Sing),,,
Blessed Be Your Name, - ,Opener,2023-04-30 AM @ Durham (Lead: Matt Brown),Blessed Be Your Name,,,
The Church's One Foundation (RUF), - ,Opener,2023-04-30 AM @ Durham (Lead: Matt Brown),The Church's One Foundation (RUF),,,
He Will Hold Me Fast, - ,Offering,2023-04-30 AM @ Durham (Lead: Matt Brown),He Will Hold Me Fast,,,
Gloria Patri (Ellis), - ,Offering,2023-04-30 AM @ Durham (Lead: Matt Brown),Gloria Patri (Ellis),,,
It Is Well With My Soul, - ,Closer,2023-04-30 AM @ Durham (Lead: Matt Brown),It Is Well With My Soul,,,
Be Thou My Vision, - ,Prelude,2023-04-23 AM @ Durham (Lead: Matt Brown),Be Thou My Vision,,,
O God Beyond All Praising, - ,Opener,2023-04-23 AM @ Durham (Lead: Matt Brown),O God Beyond All Praising,,,
Isaiah 43, - ,Opener,2023-04-23 AM @ Durham (Lead: Matt Brown),Isaiah 43,,,
Great is Thy Faithfulness (trad), - ,Offering,2023-04-23 AM @ Durham (Lead: Matt Brown),Great is Thy Faithfulness (trad),,,
Doxology, - ,Offering,2023-04-23 AM @ Durham (Lead: Matt Brown),Doxology,,,
Let Us Love and Sing and Wonder, - ,Closer,2023-04-23 AM @ Durham (Lead: Matt Brown),Let Us Love and Sing and Wonder,,,
Revelation Song, - ,Prelude,2023-04-16 AM @ Durham (Lead: Matt Brown),Revelation Song,,,
Christ is Risen He is Risen Indeed (Getty), - ,Opener,2023-04-16 AM @ Durham (Lead: Matt Brown),Christ is Risen He is Risen Indeed (Getty),,,
Before the Throne of God Above, - ,Opener,2023-04-16 AM @ Durham (Lead: Matt Brown),Before the Throne of God Above,,,
Guide Me O Thou Great Jehovah (RUF), - ,Offering,2023-04-16 AM @ Durham (Lead: Matt Brown),Guide Me O Thou Great Jehovah (RUF),,,
Gloria Patri (Ellis), - ,Offering,2023-04-16 AM @ Durham (Lead: Matt Brown),Gloria Patri (Ellis),,,
On Jordan's Stormy Banks, - ,Closer,2023-04-16 AM @ Durham (Lead: Matt Brown),On Jordan's Stormy Banks,,,
Christ the Lord is Risen Today, - ,Prelude,2023-04-09 AM @ Durham (Lead: Matt Brown),Christ the Lord is Risen Today,,,
Praise to the Lord the Almighty (trad), - ,Opener,2023-04-09 AM @ Durham (Lead: Matt Brown),Praise to the Lord the Almighty (trad),,,
I Know That My Redeemer Lives - Glory Hallelujah!, - ,Opener,2023-04-09 AM @ Durham (Lead: Matt Brown),I Know That My Redeemer Lives - Glory Hallelujah!,,,
Christ is Risen (Matt Maher), - ,Opener,2023-04-09 AM @ Durham (Lead: Matt Brown),Christ is Risen (Matt Maher),,,
Were You There, - ,Offering,2023-04-09 AM @ Durham (Lead: Matt Brown),Were You There,,,
Doxology, - ,Offering,2023-04-09 AM @ Durham (Lead: Matt Brown),Doxology,,,
In Christ Alone, - ,Closer,2023-04-09 AM @ Durham (Lead: Matt Brown),In Christ Alone,,,
Sing Oh Sky, - ,Prelude,2023-04-02 AM @ Durham (Lead: Matt Brown),Sing Oh Sky,,,
Hosanna, - ,Opener,2023-04-02 AM @ Durham (Lead: Matt Brown),Hosanna,,,
O for a Thousand Tongues to Sing (trad), - ,Offering,2023-04-02 AM @ Durham (Lead: Matt Brown),O for a Thousand Tongues to Sing (trad),,,
Doxology, - ,Offering,2023-04-02 AM @ Durham (Lead: Matt Brown),Doxology,,,
What Wondrous Love is This, - ,Communion,2023-04-02 AM @ Durham (Lead: Matt Brown),What Wondrous Love is This,,,
I Sought the Lord (Thou Lovest Me), - ,Communion,2023-04-02 AM @ Durham (Lead: Matt Brown),I Sought the Lord (Thou Lovest Me),,,
O Sacred Head Now Wounded, - ,Communion,2023-04-02 AM @ Durham (Lead: Matt Brown),O Sacred Head Now Wounded,,,
The Power of the Cross (Oh to See the Dawn), - ,Communion,2023-04-02 AM @ Durham (Lead: Matt Brown),The Power of the Cross (Oh to See the Dawn),,,
My Hope is Built on Nothing Less, - ,Communion,2023-04-02 AM @ Durham (Lead: Matt Brown),My Hope is Built on Nothing Less,,,
Psalm 130 / From Depths of Woe (RUF), - ,Closer,2023-04-02 AM @ Durham (Lead: Matt Brown),Psalm 130 / From Depths of Woe (RUF),,,
Jesus What a Friend for Sinners, - ,Prelude,2023-03-26 AM @ Durham (Lead: Matt Brown),Jesus What a Friend for Sinners,,,
I Heard the Voice of Jesus Say (trad), - ,Opener,2023-03-26 AM @ Durham (Lead: Matt Brown),I Heard the Voice of Jesus Say (trad),,,
Micah 6:8, - ,Opener,2023-03-26 AM @ Durham (Lead: Matt Brown),Micah 6:8,,,
Jesus I Am Resting Resting, - ,Offering,2023-03-26 AM @ Durham (Lead: Matt Brown),Jesus I Am Resting Resting,,,
Gloria Patri (Ellis), - ,Offering,2023-03-26 AM @ Durham (Lead: Matt Brown),Gloria Patri (Ellis),,,
They Will Know We Are Christians By Our Love, - ,Closer,2023-03-26 AM @ Durham (Lead: Matt Brown),They Will Know We Are Christians By Our Love,,,
Jesus I Come, - ,Prelude,2023-03-19 AM @ Durham (Lead: Matt Brown),Jesus I Come,,,
Praise My Soul the King of Heaven (RUF), - ,Opener,2023-03-19 AM @ Durham (Lead: Matt Brown),Praise My Soul the King of Heaven (RUF),,,
Nothing But the Blood, - ,Opener,2023-03-19 AM @ Durham (Lead: Matt Brown),Nothing But the Blood,,,
Jesus Lover of My Soul, - ,Offering,2023-03-19 AM @ Durham (Lead: Matt Brown),Jesus Lover of My Soul,,,
Doxology, - ,Offering,2023-03-19 AM @ Durham (Lead: Matt Brown),Doxology,,,
Abide With Me (RUF), - ,Closer,2023-03-19 AM @ Durham (Lead: Matt Brown),Abide With Me (RUF),,,
Children of the Living God (Fernando Ortega), - ,Prelude,2023-03-12 AM @ Durham (Lead: Matt Brown),Children of the Living God (Fernando Ortega),,,
We Are God's People, - ,Opener,2023-03-12 AM @ Durham (Lead: Matt Brown),We Are God's People,,,
By Faith, - ,Opener,2023-03-12 AM @ Durham (Lead: Matt Brown),By Faith,,,
This is My Father's World, - ,Offering,2023-03-12 AM @ Durham (Lead: Matt Brown),This is My Father's World,,,
Gloria Patri (Ellis), - ,Offering,2023-03-12 AM @ Durham (Lead: Matt Brown),Gloria Patri (Ellis),,,
How Firm a Foundation, - ,Closer,2023-03-12 AM @ Durham (Lead: Matt Brown),How Firm a Foundation,,,
All Hail the Power of Jesus' Name, - ,Prelude,2023-03-05 AM @ Durham (Lead: Matt Brown),All Hail the Power of Jesus' Name,,,
Agnus Dei, - ,Opener,2023-03-05 AM @ Durham (Lead: Matt Brown),Agnus Dei,,,
Whate'er My God Ordains Is Right (RUF), - ,Offering,2023-03-05 AM @ Durham (Lead: Matt Brown),Whate'er My God Ordains Is Right (RUF),,,
Doxology, - ,Offering,2023-03-05 AM @ Durham (Lead: Matt Brown),Doxology,,,
Come Ye Sinners (E major - not Ortega's), - ,Communion,2023-03-05 AM @ Durham (Lead: Matt Brown),Come Ye Sinners (E major - not Ortega's),,,
Wonderful Merciful Savior, - ,Communion,2023-03-05 AM @ Durham (Lead: Matt Brown),Wonderful Merciful Savior,,,
O Come and Mourn With Me Awhile, - ,Communion,2023-03-05 AM @ Durham (Lead: Matt Brown),O Come and Mourn With Me Awhile,,,
Just As I Am (RUF), - ,Communion,2023-03-05 AM @ Durham (Lead: Matt Brown),Just As I Am (RUF),,,
Come All Ye Pining Hungry Poor, - ,Communion,2023-03-05 AM @ Durham (Lead: Matt Brown),Come All Ye Pining Hungry Poor,,,
We Will Feast in the House of Zion (McCracken), - ,Closer,2023-03-05 AM @ Durham (Lead: Matt Brown),We Will Feast in the House of Zion (McCracken),,,
Thy Mercy My God, - ,Prelude,2023-02-26 AM @ Durham (Lead: Matt Brown),Thy Mercy My God,,,
All Creatures of Our God and King, - ,Opener,2023-02-26 AM @ Durham (Lead: Matt Brown),All Creatures of Our God and King,,,
And Can It Be, - ,Opener,2023-02-26 AM @ Durham (Lead: Matt Brown),And Can It Be,,,
O Great God (Sovereign Grace), - ,Offering,2023-02-26 AM @ Durham (Lead: Matt Brown),O Great God (Sovereign Grace),,,
Gloria Patri (Ellis), - ,Offering,2023-02-26 AM @ Durham (Lead: Matt Brown),Gloria Patri (Ellis),,,
Jesus I My Cross Have Taken, - ,Closer,2023-02-26 AM @ Durham (Lead: Matt Brown),Jesus I My Cross Have Taken,,,
The Sands of Time Are Sinking (RUF), - ,Prelude,2023-02-19 AM @ Durham (Lead: Matt Brown),The Sands of Time Are Sinking (RUF),,,
Come Christians Join to Sing, - ,Opener,2023-02-19 AM @ Durham (Lead: Matt Brown),Come Christians Join to Sing,,,
For All the Saints, - ,Opener,2023-02-19 AM @ Durham (Lead: Matt Brown),For All the Saints,,,
Approach My Soul the Mercy Seat (Jamie Barnes), - ,Offering,2023-02-19 AM @ Durham (Lead: Matt Brown),Approach My Soul the Mercy Seat (Jamie Barnes),,,
Doxology, - ,Offering,2023-02-19 AM @ Durham (Lead: Matt Brown),Doxology,,,
O the Deep Deep Love of Jesus, - ,Closer,2023-02-19 AM @ Durham (Lead: Matt Brown),O the Deep Deep Love of Jesus,,,
Immortal Invisible (traditional), - ,Prelude,2023-02-12 AM @ Durham (Lead: Matt Brown),Immortal Invisible (traditional),,,
Jesus All for Jesus, - ,Opener,2023-02-12 AM @ Durham (Lead: Matt Brown),Jesus All for Jesus,,,
May the Mind of Christ My Savior, - ,Opener,2023-02-12 AM @ Durham (Lead: Matt Brown),May the Mind of Christ My Savior,,,
Yet Not I But Christ in Me, - ,Offering,2023-02-12 AM @ Durham (Lead: Matt Brown),Yet Not I But Christ in Me,,,
Gloria Patri (Ellis), - ,Offering,2023-02-12 AM @ Durham (Lead: Matt Brown),Gloria Patri (Ellis),,,
Jesus Cast a Look on Me, - ,Closer,2023-02-12 AM @ Durham (Lead: Matt Brown),Jesus Cast a Look on Me,,,
, - ,,2023-02-05 AM @ Durham (Lead: Matt Brown),,,,
Everlasting God, - ,Prelude,2023-02-05 AM @ Durham (Lead: Matt Brown),Everlasting God,,,
I Know That My Redeemer Lives - Glory Hallelujah!, - ,Opener,2023-02-05 AM @ Durham (Lead: Matt Brown),I Know That My Redeemer Lives - Glory Hallelujah!,,,
40 (I Will Sing), - ,Offering,2023-02-05 AM @ Durham (Lead: Matt Brown),40 (I Will Sing),,,
Doxology, - ,Offering,2023-02-05 AM @ Durham (Lead: Matt Brown),Doxology,,,
Lord Have Mercy, - ,Communion,2023-02-05 AM @ Durham (Lead: Matt Brown),Lord Have Mercy,,,
Let Us Love and Sing and Wonder, - ,Communion,2023-02-05 AM @ Durham (Lead: Matt Brown),Let Us Love and Sing and Wonder,,,
Beautiful Scandalous Night, - ,Communion,2023-02-05 AM @ Durham (Lead: Matt Brown),Beautiful Scandalous Night,,,
Near the Cross, - ,Communion,2023-02-05 AM @ Durham (Lead: Matt Brown),Near the Cross,,,
How Deep the Father's Love for Us, - ,Communion,2023-02-05 AM @ Durham (Lead: Matt Brown),How Deep the Father's Love for Us,,,
Speak O Lord, - ,Closer,2023-02-05 AM @ Durham (Lead: Matt Brown),Speak O Lord,,,
Step by Step (just the chorus), - ,Prelude,2023-01-29 AM @ Durham (Lead: Matt Brown),Step by Step (just the chorus),,,
Crown Him With Many Crowns, - ,Opener,2023-01-29 AM @ Durham (Lead: Matt Brown),Crown Him With Many Crowns,,,
In Christ Alone, - ,Opener,2023-01-29 AM @ Durham (Lead: Matt Brown),In Christ Alone,,,
Lord I Need You (Matt Maher), - ,Offering,2023-01-29 AM @ Durham (Lead: Matt Brown),Lord I Need You (Matt Maher),,,
Gloria Patri (Ellis), - ,Offering,2023-01-29 AM @ Durham (Lead: Matt Brown),Gloria Patri (Ellis),,,
Before the Throne of God Above, - ,Closer,2023-01-29 AM @ Durham (Lead: Matt Brown),Before the Throne of God Above,,,
Come Thou Fount, - ,Prelude,2023-01-22 AM @ Durham (Lead: ),Come Thou Fount,,,
The King of Love My Shepherd Is (trad), - ,Opener,2023-01-22 AM @ Durham (Lead: ),The King of Love My Shepherd Is (trad),,,
Guide Me O Thou Great Jehovah (RUF), - ,Opener,2023-01-22 AM @ Durham (Lead: ),Guide Me O Thou Great Jehovah (RUF),,,
Give Me Jesus, - ,Offering,2023-01-22 AM @ Durham (Lead: ),Give Me Jesus,,,
Doxology, - ,Offering,2023-01-22 AM @ Durham (Lead: ),Doxology,,,
O Love That Will Not Let Me Go , - ,Closer,2023-01-22 AM @ Durham (Lead: ),O Love That Will Not Let Me Go ,,,
Revelation Song, - ,Prelude,2023-01-15 AM @ Durham (Lead: ),Revelation Song,,,
O for a Thousand Tongues to Sing (trad), - ,Opener,2023-01-15 AM @ Durham (Lead: ),O for a Thousand Tongues to Sing (trad),,,
Psalm 130 / From Depths of Woe (RUF), - ,Opener,2023-01-15 AM @ Durham (Lead: ),Psalm 130 / From Depths of Woe (RUF),,,
Be Thou My Vision, - ,Offering,2023-01-15 AM @ Durham (Lead: ),Be Thou My Vision,,,
Gloria Patri (Ellis), - ,Offering,2023-01-15 AM @ Durham (Lead: ),Gloria Patri (Ellis),,,
Abide With Me (RUF), - ,Closer,2023-01-15 AM @ Durham (Lead: ),Abide With Me (RUF),,,
My Hope is Built on Nothing Less, - ,Prelude,2023-01-08 AM @ Durham (Lead: Matt Brown),My Hope is Built on Nothing Less,,,
Prince of Peace, - ,Opener,2023-01-08 AM @ Durham (Lead: Matt Brown),Prince of Peace,,,
How Firm a Foundation, - ,Offering,2023-01-08 AM @ Durham (Lead: Matt Brown),How Firm a Foundation,,,
Doxology, - ,Offering,2023-01-08 AM @ Durham (Lead: Matt Brown),Doxology,,,
Jesus I Come, - ,Communion,2023-01-08 AM @ Durham (Lead: Matt Brown),Jesus I Come,,,
When I Survey the Wondrous Cross (trad), - ,Communion,2023-01-08 AM @ Durham (Lead: Matt Brown),When I Survey the Wondrous Cross (trad),,,
I Sought the Lord (Thou Lovest Me), - ,Communion,2023-01-08 AM @ Durham (Lead: Matt Brown),I Sought the Lord (Thou Lovest Me),,,
What Wondrous Love is This, - ,Communion,2023-01-08 AM @ Durham (Lead: Matt Brown),What Wondrous Love is This,,,
The Church's One Foundation (RUF), - ,Closer,2023-01-08 AM @ Durham (Lead: Matt Brown),The Church's One Foundation (RUF),,,
Go Tell It On the Mountain, - ,Prelude,2023-01-01 AM @ Durham (Lead: Matt Brown),Go Tell It On the Mountain,,,
Joyful Joyful, - ,Opener,2023-01-01 AM @ Durham (Lead: Matt Brown),Joyful Joyful,,,
Praise to the Lord the Almighty (trad), - ,Opener,2023-01-01 AM @ Durham (Lead: Matt Brown),Praise to the Lord the Almighty (trad),,,
O Day of Peace (Josh Garrels), - ,Offering,2023-01-01 AM @ Durham (Lead: Matt Brown),O Day of Peace (Josh Garrels),,,
Gloria Patri (Ellis), - ,Offering,2023-01-01 AM @ Durham (Lead: Matt Brown),Gloria Patri (Ellis),,,
Sing Oh Sky, - ,Closer,2023-01-01 AM @ Durham (Lead: Matt Brown),Sing Oh Sky,,,
, - ,,"2024-05-05 AM @ Durham (Lead: Matt Brown),#ERROR!",,,,
, - ,,,,,,
, - ,,,,,,
, - ,,,,,,
, - ,,,,,,